Workbook

Sheet ابدأ هنا
A1: naqra | نقرة — ملف إدارة المشروع
A3: كيف تستعمل الملف
A4: الخلايا الصفراء بخط أزرق | B4: هاي المدخلات، إنت بتعبيها أو بتغيرها. باقي الخلايا معادلات بتنحسب لحالها، لا تكتب فوقها.
A5: الخط الأخضر | B5: رقم جاي من صفحة ثانية بالملف.
A6: صف المثال | B6: بأول صف بصفحات الطلبات والمخزون والمصاريف والإعلانات في مثال عشان تشوف طريقة التعبئة. امسحه أو اكتب فوقه.
A7: الصفحات
A8: حاسبة التسعير | B8: حط سعر المورد والشحن والجمرك، وبتطلعلك تكلفة الستاند الواحد واصل، والربح لكل باقة، وكم طلب بدك لترجع رأس مالك.
A9: الطلبات | B9: سجل كل طلب: الزبون، المدينة، الباقة، السعر، الحالة، والرابط اللي برمجته. الربح بينحسب لحاله.
A10: المخزون | B10: سجل كل طلبية بتشتريها من المورد. الملف بيطرح المبيعات وبينبهك لما المخزون يقل.
A11: المصاريف | B11: كل دينار بتصرفه: بضاعة، شحن، إعلانات، تغليف، اشتراكات. سجل الإعلانات هون كمان عشان تنحسب بالربح.
A12: الإعلانات | B12: تتبع أداء كل حملة أسبوعياً: الصرف، الرسائل، الطلبات، تكلفة الطلب، والعائد. (للمتابعة بس، الصرف الحقيقي بينحسب من صفحة المصاريف).
A13: الملخص | B13: ملخص شهري تلقائي: عدد الطلبات، المبيعات، المصاريف، وصافي الربح.
A14: قاعدة ذهبية | B14: سجل كل طلب وكل مصروف بنفس اليوم. خمس دقايق باليوم بتوفر عليك ساعات آخر الشهر.
A16: مثال خلية إدخال | B16: اكتب هون

Sheet حاسبة التسعير
A1: حاسبة التسعير والربح
A3: المدخلات (غيّرها حسب الأسعار الحقيقية)
A4: سعر الستاند من المورد (دولار) | B4: 0.7 | C4: تقدير من منتجات مشابهة على علي بابا (0.50–0.79$ للـ100 قطعة). حط السعر الحقيقي من صفحة المورد.
A5: عدد القطع بالطلبية | B5: 100 | C5: أقل كمية شائعة عند الموردين: 100 قطعة.
A6: سعر صرف الدولار (دينار) | B6: 0.709 | C6: سعر الصرف الرسمي للدينار الأردني مربوط تقريباً على 0.709.
A7: تكلفة الشحن الكلية للأردن (دينار) | B7: 35 | C7: تقدير لشحن سريع 3–5 كغ. تأكد من المورد أو شركة الشحن.
A8: الجمرك والضريبة (% من البضاعة + الشحن) | B8: 0.16 | C8: تقدير فقط (ضريبة مبيعات عامة 16%). تأكد من شركة الشحن أو مخلّص جمركي.
A9: تغليف وكرت تعليمات للقطعة (دينار) | B9: 0.15 | C9: ظرف أو علبة صغيرة + كرت تعليمات.
A10: تكلفة العينات (دينار) | B10: 25 | C10: عينات قبل الطلبية الكبيرة. بتنحسب على تكلفة الطلبية الأولى.
A11: تكلفة الإعلان المتوقعة لكل طلب (دينار) | B11: 3.5 | C11: تقدير لبداية الحملة (2–5 د.أ). حدّثه من صفحة الإعلانات.
A12: تكلفة التوصيل عليك لكل طلب (دينار) | B12: 2.5 | C12: سعر شركة التوصيل داخل عمّان تقريباً.
A13: رسوم التوصيل اللي بتاخذها من الزبون (دينار) | B13: 2 | C13: حطها 0 إذا التوصيل مجاني.
A15: النتائج
A16: تكلفة البضاعة (دينار) | B16: =B4*B5*B6
A17: الجمرك والضريبة (دينار) | B17: =(B16+B7)*B8
A18: التكلفة الكلية للطلبية (دينار) | B18: =B16+B7+B17+B10+B9*B5
A19: تكلفة الستاند الواحد واصل لإيدك (دينار) | B19: =IFERROR(B18/B5,0)
A21: الربح لكل باقة (غيّر سعر البيع بالعمود C)
A22: الباقة | B22: عدد الستاندات | C22: سعر البيع (دينار) | D22: تكلفة البضاعة | E22: صافي التوصيل | F22: تكلفة الإعلان | G22: الربح الصافي | H22: هامش الربح
A23: ستاند واحد | B23: 1 | C23: 10 | D23: =B23*$B$19 | E23: =$B$13-$B$12 | F23: =$B$11 | G23: =C23-D23+E23-F23 | H23: =IFERROR(G23/C23,0)
A24: باقة ستاندين | B24: 2 | C24: 17 | D24: =B24*$B$19 | E24: =$B$13-$B$12 | F24: =$B$11 | G24: =C24-D24+E24-F24 | H24: =IFERROR(G24/C24,0)
A25: باقة 3 ستاندات | B25: 3 | C25: 23 | D25: =B25*$B$19 | E25: =$B$13-$B$12 | F25: =$B$11 | G25: =C25-D25+E25-F25 | H25: =IFERROR(G25/C25,0)
A26: باقة 5 ستاندات (للفروع) | B26: 5 | C26: 35 | D26: =B26*$B$19 | E26: =$B$13-$B$12 | F26: =$B$11 | G26: =C26-D26+E26-F26 | H26: =IFERROR(G26/C26,0)
A28: استرجاع رأس المال
A29: عدد الطلبات (ستاند واحد) لترجع تكلفة الطلبية | B29: =IFERROR(ROUNDUP(B18/G23,0),0)
A30: إذا بعت كل القطع كستاند واحد: المبيعات المتوقعة | B30: =B5*C23
A31: الربح الصافي المتوقع من الطلبية كاملة (ستاند واحد) | B31: =B5*G23 | C31: تكلفة العينات داخلة أصلاً بتكلفة القطعة الواحدة.

Sheet الطلبات
A1: سجل الطلبات
A2: عبّي الخلايا البيضاء. أعمدة التكلفة والربح بتنحسب لحالها. الطلب الملغي ما بينحسب.
A4: رقم الطلب | B4: التاريخ | C4: اسم المحل / الزبون | D4: رقم الهاتف | E4: المدينة | F4: نوع النشاط | G4: مصدر الطلب | H4: عدد الستاندات | I4: سعر البيع (دينار) | J4: رسوم التوصيل من الزبون | K4: تكلفة التوصيل عليك | L4: طريقة الدفع | M4: الحالة | N4: رابط التقييم المبرمج | O4: تكلفة البضاعة | P4: الربح | Q4: ملاحظات
A5: N-001 | B5: 46300 | C5: كافيه المثال (مثال – امسحه) | D5: 0790000000 | E5: عمّان | F5: مطعم / كافيه | G5: انستغرام | H5: 2 | I5: 17 | J5: 2 | K5: 2.5 | L5: كاش عند الاستلام | M5: تم التسليم | N5: naqrajo.com/r/example | O5: =IF(OR(H5="",M5="ملغي"),0,H5*'حاسبة التسعير'!$B$19) | P5: =IF(OR(I5="",M5="ملغي"),0,I5+J5-K5-O5) | Q5: برمجت الستاندين وجربتهم على آيفون وأندرويد
O6: =IF(OR(H6="",M6="ملغي"),0,H6*'حاسبة التسعير'!$B$19) | P6: =IF(OR(I6="",M6="ملغي"),0,I6+J6-K6-O6)
O7: =IF(OR(H7="",M7="ملغي"),0,H7*'حاسبة التسعير'!$B$19) | P7: =IF(OR(I7="",M7="ملغي"),0,I7+J7-K7-O7)
O8: =IF(OR(H8="",M8="ملغي"),0,H8*'حاسبة التسعير'!$B$19) | P8: =IF(OR(I8="",M8="ملغي"),0,I8+J8-K8-O8)
O9: =IF(OR(H9="",M9="ملغي"),0,H9*'حاسبة التسعير'!$B$19) | P9: =IF(OR(I9="",M9="ملغي"),0,I9+J9-K9-O9)
O10: =IF(OR(H10="",M10="ملغي"),0,H10*'حاسبة التسعير'!$B$19) | P10: =IF(OR(I10="",M10="ملغي"),0,I10+J10-K10-O10)
O11: =IF(OR(H11="",M11="ملغي"),0,H11*'حاسبة التسعير'!$B$19) | P11: =IF(OR(I11="",M11="ملغي"),0,I11+J11-K11-O11)
O12: =IF(OR(H12="",M12="ملغي"),0,H12*'حاسبة التسعير'!$B$19) | P12: =IF(OR(I12="",M12="ملغي"),0,I12+J12-K12-O12)
O13: =IF(OR(H13="",M13="ملغي"),0,H13*'حاسبة التسعير'!$B$19) | P13: =IF(OR(I13="",M13="ملغي"),0,I13+J13-K13-O13)
O14: =IF(OR(H14="",M14="ملغي"),0,H14*'حاسبة التسعير'!$B$19) | P14: =IF(OR(I14="",M14="ملغي"),0,I14+J14-K14-O14)
O15: =IF(OR(H15="",M15="ملغي"),0,H15*'حاسبة التسعير'!$B$19) | P15: =IF(OR(I15="",M15="ملغي"),0,I15+J15-K15-O15)
O16: =IF(OR(H16="",M16="ملغي"),0,H16*'حاسبة التسعير'!$B$19) | P16: =IF(OR(I16="",M16="ملغي"),0,I16+J16-K16-O16)
O17: =IF(OR(H17="",M17="ملغي"),0,H17*'حاسبة التسعير'!$B$19) | P17: =IF(OR(I17="",M17="ملغي"),0,I17+J17-K17-O17)
... O504: =IF(OR(H504="",M504="ملغي"),0,H504*'حاسبة التسعير'!$B$19) | P504: =IF(OR(I504="",M504="ملغي"),0,I504+J504-K504-O504)

Sheet المخزون
A1: المخزون
A3: الملخص
A4: إجمالي القطع المشتراة | B4: =SUM(C12:C111)
A5: القطع المباعة (غير الملغية) | B5: =SUMIFS('الطلبات'!H5:H504,'الطلبات'!M5:M504,"<>ملغي")
A6: المتبقي بالمخزون | B6: =B4-B5
A7: نبهني لما يوصل المخزون لـ | B7: 20
A8: الحالة | B8: =IF(B6<=B7,"اطلب بضاعة جديدة","المخزون كافي")
A10: طلبيات الشراء من المورد
A11: التاريخ | B11: المورد | C11: الكمية | D11: التكلفة الكلية واصل (دينار) | E11: ملاحظات
A12: 46296 | B12: مورد علي بابا (مثال – امسحه) | C12: 100 | D12: 125 | E12: ستاند PVC مغناطيسي NTAG213

Sheet المصاريف
A1: المصاريف
A2: سجل كل مصروف، ومنها صرف الإعلانات. الملخص الشهري بيعتمد على هالصفحة.
A4: التاريخ | B4: البند | C4: الوصف | D4: المبلغ (دينار) | F4: المجموع حسب البند
A5: 46296 | B5: بضاعة | C5: طلبية 100 ستاند من علي بابا شامل الشحن (مثال – امسحه) | D5: 125 | F5: بضاعة | G5: =SUMIFS($D$5:$D$504,$B$5:$B$504,F5)
F6: شحن وجمرك | G6: =SUMIFS($D$5:$D$504,$B$5:$B$504,F6)
F7: إعلانات | G7: =SUMIFS($D$5:$D$504,$B$5:$B$504,F7)
F8: تغليف | G8: =SUMIFS($D$5:$D$504,$B$5:$B$504,F8)
F9: توصيل | G9: =SUMIFS($D$5:$D$504,$B$5:$B$504,F9)
F10: تصميم وطباعة | G10: =SUMIFS($D$5:$D$504,$B$5:$B$504,F10)
F11: اشتراكات وأدوات | G11: =SUMIFS($D$5:$D$504,$B$5:$B$504,F11)
F12: تسجيل ورسوم | G12: =SUMIFS($D$5:$D$504,$B$5:$B$504,F12)
F13: أخرى | G13: =SUMIFS($D$5:$D$504,$B$5:$B$504,F13)
F14: الإجمالي | G14: =SUM(G5:G13)

Sheet الإعلانات
A1: متابعة أداء الإعلانات
A2: سجل أرقام كل حملة أسبوعياً من Meta Ads Manager. هاي الصفحة للمتابعة، والصرف الحقيقي سجله بصفحة المصاريف.
A4: بداية الأسبوع | B4: اسم الحملة | C4: المنصة | D4: الصرف (دينار) | E4: الوصول (Reach) | F4: الرسائل | G4: الطلبات | H4: المبيعات (دينار) | I4: تكلفة الرسالة | J4: تكلفة الطلب | K4: العائد على الإعلان (ROAS) | M4: الإجمالي
A5: 46301 | B5: إطلاق – فيديو النقرة (مثال – امسحه) | C5: انستغرام + فيسبوك | D5: 35 | E5: 12000 | F5: 40 | G5: 9 | H5: 160 | I5: =IF(OR(D5="",F5=0,F5=""),"",D5/F5) | J5: =IF(OR(D5="",G5=0,G5=""),"",D5/G5) | K5: =IF(OR(D5="",D5=0),"",H5/D5) | M5: إجمالي الصرف | N5: =SUM(D5:D208)
I6: =IF(OR(D6="",F6=0,F6=""),"",D6/F6) | J6: =IF(OR(D6="",G6=0,G6=""),"",D6/G6) | K6: =IF(OR(D6="",D6=0),"",H6/D6) | M6: إجمالي الطلبات | N6: =SUM(G5:G208)
I7: =IF(OR(D7="",F7=0,F7=""),"",D7/F7) | J7: =IF(OR(D7="",G7=0,G7=""),"",D7/G7) | K7: =IF(OR(D7="",D7=0),"",H7/D7) | M7: متوسط تكلفة الطلب | N7: =IFERROR(N5/N6,0)
I8: =IF(OR(D8="",F8=0,F8=""),"",D8/F8) | J8: =IF(OR(D8="",G8=0,G8=""),"",D8/G8) | K8: =IF(OR(D8="",D8=0),"",H8/D8) | M8: إجمالي المبيعات من الإعلانات | N8: =SUM(H5:H208)
I9: =IF(OR(D9="",F9=0,F9=""),"",D9/F9) | J9: =IF(OR(D9="",G9=0,G9=""),"",D9/G9) | K9: =IF(OR(D9="",D9=0),"",H9/D9) | M9: العائد الكلي (ROAS) | N9: =IFERROR(N8/N5,0)
I10: =IF(OR(D10="",F10=0,F10=""),"",D10/F10) | J10: =IF(OR(D10="",G10=0,G10=""),"",D10/G10) | K10: =IF(OR(D10="",D10=0),"",H10/D10)
I11: =IF(OR(D11="",F11=0,F11=""),"",D11/F11) | J11: =IF(OR(D11="",G11=0,G11=""),"",D11/G11) | K11: =IF(OR(D11="",D11=0),"",H11/D11)
I12: =IF(OR(D12="",F12=0,F12=""),"",D12/F12) | J12: =IF(OR(D12="",G12=0,G12=""),"",D12/G12) | K12: =IF(OR(D12="",D12=0),"",H12/D12)
I13: =IF(OR(D13="",F13=0,F13=""),"",D13/F13) | J13: =IF(OR(D13="",G13=0,G13=""),"",D13/G13) | K13: =IF(OR(D13="",D13=0),"",H13/D13)
I14: =IF(OR(D14="",F14=0,F14=""),"",D14/F14) | J14: =IF(OR(D14="",G14=0,G14=""),"",D14/G14) | K14: =IF(OR(D14="",D14=0),"",H14/D14)
I15: =IF(OR(D15="",F15=0,F15=""),"",D15/F15) | J15: =IF(OR(D15="",G15=0,G15=""),"",D15/G15) | K15: =IF(OR(D15="",D15=0),"",H15/D15)
I16: =IF(OR(D16="",F16=0,F16=""),"",D16/F16) | J16: =IF(OR(D16="",G16=0,G16=""),"",D16/G16) | K16: =IF(OR(D16="",D16=0),"",H16/D16)
I17: =IF(OR(D17="",F17=0,F17=""),"",D17/F17) | J17: =IF(OR(D17="",G17=0,G17=""),"",D17/G17) | K17: =IF(OR(D17="",D17=0),"",H17/D17)
I18: =IF(OR(D18="",F18=0,F18=""),"",D18/F18) | J18: =IF(OR(D18="",G18=0,G18=""),"",D18/G18) | K18: =IF(OR(D18="",D18=0),"",H18/D18)
I19: =IF(OR(D19="",F19=0,F19=""),"",D19/F19) | J19: =IF(OR(D19="",G19=0,G19=""),"",D19/G19) | K19: =IF(OR(D19="",D19=0),"",H19/D19)
I20: =IF(OR(D20="",F20=0,F20=""),"",D20/F20) | J20: =IF(OR(D20="",G20=0,G20=""),"",D20/G20) | K20: =IF(OR(D20="",D20=0),"",H20/D20)
I21: =IF(OR(D21="",F21=0,F21=""),"",D21/F21) | J21: =IF(OR(D21="",G21=0,G21=""),"",D21/G21) | K21: =IF(OR(D21="",D21=0),"",H21/D21)
... I208: =IF(OR(D208="",F208=0,F208=""),"",D208/F208) | J208: =IF(OR(D208="",G208=0,G208=""),"",D208/G208) | K208: =IF(OR(D208="",D208=0),"",H208/D208)

Sheet الملخص
A1: الملخص الشهري
A3: أول شهر بالجدول | B3: 46296
A5: أرقام كلية
A6: عدد الطلبات | B6: =COUNTIFS('الطلبات'!H5:H504,">0",'الطلبات'!M5:M504,"<>ملغي")
A7: إجمالي المبيعات | B7: =SUMIFS('الطلبات'!I5:I504,'الطلبات'!M5:M504,"<>ملغي")
A8: متوسط قيمة الطلب | B8: =IFERROR(B7/B6,0)
A9: إجمالي المصاريف | B9: ='المصاريف'!G14
A10: صافي الربح (نقدي) | B10: =SUM(G23:G34)
A11: المتبقي بالمخزون | B11: ='المخزون'!B6
A14: صافي الربح = المبيعات + رسوم التوصيل المحصلة − تكلفة التوصيل − كل المصاريف (بضاعة، شحن، إعلانات...). يعني الفلوس اللي فعلاً ضلت معك.
A21: حسب الشهر
A22: الشهر | B22: عدد الطلبات | C22: المبيعات | D22: رسوم التوصيل المحصلة | E22: تكلفة التوصيل | F22: المصاريف | G22: صافي الربح
A23: =B3 | B23: =COUNTIFS('الطلبات'!$B$5:$B$504,">="&A23,'الطلبات'!$B$5:$B$504,"<"&EDATE(A23,1),'الطلبات'!$M$5:$M$504,"<>ملغي",'الطلبات'!$H$5:$H$504,">0") | C23: =SUMIFS('الطلبات'!$I$5:$I$504,'الطلبات'!$B$5:$B$504,">="&A23,'الطلبات'!$B$5:$B$504,"<"&EDATE(A23,1),'الطلبات'!$M$5:$M$504,"<>ملغي") | D23: =SUMIFS('الطلبات'!$J$5:$J$504,'الطلبات'!$B$5:$B$504,">="&A23,'الطلبات'!$B$5:$B$504,"<"&EDATE(A23,1),'الطلبات'!$M$5:$M$504,"<>ملغي") | E23: =SUMIFS('الطلبات'!$K$5:$K$504,'الطلبات'!$B$5:$B$504,">="&A23,'الطلبات'!$B$5:$B$504,"<"&EDATE(A23,1),'الطلبات'!$M$5:$M$504,"<>ملغي") | F23: =SUMIFS('المصاريف'!$D$5:$D$504,'المصاريف'!$A$5:$A$504,">="&A23,'المصاريف'!$A$5:$A$504,"<"&EDATE(A23,1)) | G23: =C23+D23-E23-F23
A24: =EDATE(A23,1) | B24: =COUNTIFS('الطلبات'!$B$5:$B$504,">="&A24,'الطلبات'!$B$5:$B$504,"<"&EDATE(A24,1),'الطلبات'!$M$5:$M$504,"<>ملغي",'الطلبات'!$H$5:$H$504,">0") | C24: =SUMIFS('الطلبات'!$I$5:$I$504,'الطلبات'!$B$5:$B$504,">="&A24,'الطلبات'!$B$5:$B$504,"<"&EDATE(A24,1),'الطلبات'!$M$5:$M$504,"<>ملغي") | D24: =SUMIFS('الطلبات'!$J$5:$J$504,'الطلبات'!$B$5:$B$504,">="&A24,'الطلبات'!$B$5:$B$504,"<"&EDATE(A24,1),'الطلبات'!$M$5:$M$504,"<>ملغي") | E24: =SUMIFS('الطلبات'!$K$5:$K$504,'الطلبات'!$B$5:$B$504,">="&A24,'الطلبات'!$B$5:$B$504,"<"&EDATE(A24,1),'الطلبات'!$M$5:$M$504,"<>ملغي") | F24: =SUMIFS('المصاريف'!$D$5:$D$504,'المصاريف'!$A$5:$A$504,">="&A24,'المصاريف'!$A$5:$A$504,"<"&EDATE(A24,1)) | G24: =C24+D24-E24-F24
A25: =EDATE(A24,1) | B25: =COUNTIFS('الطلبات'!$B$5:$B$504,">="&A25,'الطلبات'!$B$5:$B$504,"<"&EDATE(A25,1),'الطلبات'!$M$5:$M$504,"<>ملغي",'الطلبات'!$H$5:$H$504,">0") | C25: =SUMIFS('الطلبات'!$I$5:$I$504,'الطلبات'!$B$5:$B$504,">="&A25,'الطلبات'!$B$5:$B$504,"<"&EDATE(A25,1),'الطلبات'!$M$5:$M$504,"<>ملغي") | D25: =SUMIFS('الطلبات'!$J$5:$J$504,'الطلبات'!$B$5:$B$504,">="&A25,'الطلبات'!$B$5:$B$504,"<"&EDATE(A25,1),'الطلبات'!$M$5:$M$504,"<>ملغي") | E25: =SUMIFS('الطلبات'!$K$5:$K$504,'الطلبات'!$B$5:$B$504,">="&A25,'الطلبات'!$B$5:$B$504,"<"&EDATE(A25,1),'الطلبات'!$M$5:$M$504,"<>ملغي") | F25: =SUMIFS('المصاريف'!$D$5:$D$504,'المصاريف'!$A$5:$A$504,">="&A25,'المصاريف'!$A$5:$A$504,"<"&EDATE(A25,1)) | G25: =C25+D25-E25-F25
A26: =EDATE(A25,1) | B26: =COUNTIFS('الطلبات'!$B$5:$B$504,">="&A26,'الطلبات'!$B$5:$B$504,"<"&EDATE(A26,1),'الطلبات'!$M$5:$M$504,"<>ملغي",'الطلبات'!$H$5:$H$504,">0") | C26: =SUMIFS('الطلبات'!$I$5:$I$504,'الطلبات'!$B$5:$B$504,">="&A26,'الطلبات'!$B$5:$B$504,"<"&EDATE(A26,1),'الطلبات'!$M$5:$M$504,"<>ملغي") | D26: =SUMIFS('الطلبات'!$J$5:$J$504,'الطلبات'!$B$5:$B$504,">="&A26,'الطلبات'!$B$5:$B$504,"<"&EDATE(A26,1),'الطلبات'!$M$5:$M$504,"<>ملغي") | E26: =SUMIFS('الطلبات'!$K$5:$K$504,'الطلبات'!$B$5:$B$504,">="&A26,'الطلبات'!$B$5:$B$504,"<"&EDATE(A26,1),'الطلبات'!$M$5:$M$504,"<>ملغي") | F26: =SUMIFS('المصاريف'!$D$5:$D$504,'المصاريف'!$A$5:$A$504,">="&A26,'المصاريف'!$A$5:$A$504,"<"&EDATE(A26,1)) | G26: =C26+D26-E26-F26
A27: =EDATE(A26,1) | B27: =COUNTIFS('الطلبات'!$B$5:$B$504,">="&A27,'الطلبات'!$B$5:$B$504,"<"&EDATE(A27,1),'الطلبات'!$M$5:$M$504,"<>ملغي",'الطلبات'!$H$5:$H$504,">0") | C27: =SUMIFS('الطلبات'!$I$5:$I$504,'الطلبات'!$B$5:$B$504,">="&A27,'الطلبات'!$B$5:$B$504,"<"&EDATE(A27,1),'الطلبات'!$M$5:$M$504,"<>ملغي") | D27: =SUMIFS('الطلبات'!$J$5:$J$504,'الطلبات'!$B$5:$B$504,">="&A27,'الطلبات'!$B$5:$B$504,"<"&EDATE(A27,1),'الطلبات'!$M$5:$M$504,"<>ملغي") | E27: =SUMIFS('الطلبات'!$K$5:$K$504,'الطلبات'!$B$5:$B$504,">="&A27,'الطلبات'!$B$5:$B$504,"<"&EDATE(A27,1),'الطلبات'!$M$5:$M$504,"<>ملغي") | F27: =SUMIFS('المصاريف'!$D$5:$D$504,'المصاريف'!$A$5:$A$504,">="&A27,'المصاريف'!$A$5:$A$504,"<"&EDATE(A27,1)) | G27: =C27+D27-E27-F27
A28: =EDATE(A27,1) | B28: =COUNTIFS('الطلبات'!$B$5:$B$504,">="&A28,'الطلبات'!$B$5:$B$504,"<"&EDATE(A28,1),'الطلبات'!$M$5:$M$504,"<>ملغي",'الطلبات'!$H$5:$H$504,">0") | C28: =SUMIFS('الطلبات'!$I$5:$I$504,'الطلبات'!$B$5:$B$504,">="&A28,'الطلبات'!$B$5:$B$504,"<"&EDATE(A28,1),'الطلبات'!$M$5:$M$504,"<>ملغي") | D28: =SUMIFS('الطلبات'!$J$5:$J$504,'الطلبات'!$B$5:$B$504,">="&A28,'الطلبات'!$B$5:$B$504,"<"&EDATE(A28,1),'الطلبات'!$M$5:$M$504,"<>ملغي") | E28: =SUMIFS('الطلبات'!$K$5:$K$504,'الطلبات'!$B$5:$B$504,">="&A28,'الطلبات'!$B$5:$B$504,"<"&EDATE(A28,1),'الطلبات'!$M$5:$M$504,"<>ملغي") | F28: =SUMIFS('المصاريف'!$D$5:$D$504,'المصاريف'!$A$5:$A$504,">="&A28,'المصاريف'!$A$5:$A$504,"<"&EDATE(A28,1)) | G28: =C28+D28-E28-F28
A29: =EDATE(A28,1) | B29: =COUNTIFS('الطلبات'!$B$5:$B$504,">="&A29,'الطلبات'!$B$5:$B$504,"<"&EDATE(A29,1),'الطلبات'!$M$5:$M$504,"<>ملغي",'الطلبات'!$H$5:$H$504,">0") | C29: =SUMIFS('الطلبات'!$I$5:$I$504,'الطلبات'!$B$5:$B$504,">="&A29,'الطلبات'!$B$5:$B$504,"<"&EDATE(A29,1),'الطلبات'!$M$5:$M$504,"<>ملغي") | D29: =SUMIFS('الطلبات'!$J$5:$J$504,'الطلبات'!$B$5:$B$504,">="&A29,'الطلبات'!$B$5:$B$504,"<"&EDATE(A29,1),'الطلبات'!$M$5:$M$504,"<>ملغي") | E29: =SUMIFS('الطلبات'!$K$5:$K$504,'الطلبات'!$B$5:$B$504,">="&A29,'الطلبات'!$B$5:$B$504,"<"&EDATE(A29,1),'الطلبات'!$M$5:$M$504,"<>ملغي") | F29: =SUMIFS('المصاريف'!$D$5:$D$504,'المصاريف'!$A$5:$A$504,">="&A29,'المصاريف'!$A$5:$A$504,"<"&EDATE(A29,1)) | G29: =C29+D29-E29-F29
A30: =EDATE(A29,1) | B30: =COUNTIFS('الطلبات'!$B$5:$B$504,">="&A30,'الطلبات'!$B$5:$B$504,"<"&EDATE(A30,1),'الطلبات'!$M$5:$M$504,"<>ملغي",'الطلبات'!$H$5:$H$504,">0") | C30: =SUMIFS('الطلبات'!$I$5:$I$504,'الطلبات'!$B$5:$B$504,">="&A30,'الطلبات'!$B$5:$B$504,"<"&EDATE(A30,1),'الطلبات'!$M$5:$M$504,"<>ملغي") | D30: =SUMIFS('الطلبات'!$J$5:$J$504,'الطلبات'!$B$5:$B$504,">="&A30,'الطلبات'!$B$5:$B$504,"<"&EDATE(A30,1),'الطلبات'!$M$5:$M$504,"<>ملغي") | E30: =SUMIFS('الطلبات'!$K$5:$K$504,'الطلبات'!$B$5:$B$504,">="&A30,'الطلبات'!$B$5:$B$504,"<"&EDATE(A30,1),'الطلبات'!$M$5:$M$504,"<>ملغي") | F30: =SUMIFS('المصاريف'!$D$5:$D$504,'المصاريف'!$A$5:$A$504,">="&A30,'المصاريف'!$A$5:$A$504,"<"&EDATE(A30,1)) | G30: =C30+D30-E30-F30
A31: =EDATE(A30,1) | B31: =COUNTIFS('الطلبات'!$B$5:$B$504,">="&A31,'الطلبات'!$B$5:$B$504,"<"&EDATE(A31,1),'الطلبات'!$M$5:$M$504,"<>ملغي",'الطلبات'!$H$5:$H$504,">0") | C31: =SUMIFS('الطلبات'!$I$5:$I$504,'الطلبات'!$B$5:$B$504,">="&A31,'الطلبات'!$B$5:$B$504,"<"&EDATE(A31,1),'الطلبات'!$M$5:$M$504,"<>ملغي") | D31: =SUMIFS('الطلبات'!$J$5:$J$504,'الطلبات'!$B$5:$B$504,">="&A31,'الطلبات'!$B$5:$B$504,"<"&EDATE(A31,1),'الطلبات'!$M$5:$M$504,"<>ملغي") | E31: =SUMIFS('الطلبات'!$K$5:$K$504,'الطلبات'!$B$5:$B$504,">="&A31,'الطلبات'!$B$5:$B$504,"<"&EDATE(A31,1),'الطلبات'!$M$5:$M$504,"<>ملغي") | F31: =SUMIFS('المصاريف'!$D$5:$D$504,'المصاريف'!$A$5:$A$504,">="&A31,'المصاريف'!$A$5:$A$504,"<"&EDATE(A31,1)) | G31: =C31+D31-E31-F31
A32: =EDATE(A31,1) | B32: =COUNTIFS('الطلبات'!$B$5:$B$504,">="&A32,'الطلبات'!$B$5:$B$504,"<"&EDATE(A32,1),'الطلبات'!$M$5:$M$504,"<>ملغي",'الطلبات'!$H$5:$H$504,">0") | C32: =SUMIFS('الطلبات'!$I$5:$I$504,'الطلبات'!$B$5:$B$504,">="&A32,'الطلبات'!$B$5:$B$504,"<"&EDATE(A32,1),'الطلبات'!$M$5:$M$504,"<>ملغي") | D32: =SUMIFS('الطلبات'!$J$5:$J$504,'الطلبات'!$B$5:$B$504,">="&A32,'الطلبات'!$B$5:$B$504,"<"&EDATE(A32,1),'الطلبات'!$M$5:$M$504,"<>ملغي") | E32: =SUMIFS('الطلبات'!$K$5:$K$504,'الطلبات'!$B$5:$B$504,">="&A32,'الطلبات'!$B$5:$B$504,"<"&EDATE(A32,1),'الطلبات'!$M$5:$M$504,"<>ملغي") | F32: =SUMIFS('المصاريف'!$D$5:$D$504,'المصاريف'!$A$5:$A$504,">="&A32,'المصاريف'!$A$5:$A$504,"<"&EDATE(A32,1)) | G32: =C32+D32-E32-F32
A33: =EDATE(A32,1) | B33: =COUNTIFS('الطلبات'!$B$5:$B$504,">="&A33,'الطلبات'!$B$5:$B$504,"<"&EDATE(A33,1),'الطلبات'!$M$5:$M$504,"<>ملغي",'الطلبات'!$H$5:$H$504,">0") | C33: =SUMIFS('الطلبات'!$I$5:$I$504,'الطلبات'!$B$5:$B$504,">="&A33,'الطلبات'!$B$5:$B$504,"<"&EDATE(A33,1),'الطلبات'!$M$5:$M$504,"<>ملغي") | D33: =SUMIFS('الطلبات'!$J$5:$J$504,'الطلبات'!$B$5:$B$504,">="&A33,'الطلبات'!$B$5:$B$504,"<"&EDATE(A33,1),'الطلبات'!$M$5:$M$504,"<>ملغي") | E33: =SUMIFS('الطلبات'!$K$5:$K$504,'الطلبات'!$B$5:$B$504,">="&A33,'الطلبات'!$B$5:$B$504,"<"&EDATE(A33,1),'الطلبات'!$M$5:$M$504,"<>ملغي") | F33: =SUMIFS('المصاريف'!$D$5:$D$504,'المصاريف'!$A$5:$A$504,">="&A33,'المصاريف'!$A$5:$A$504,"<"&EDATE(A33,1)) | G33: =C33+D33-E33-F33
A34: =EDATE(A33,1) | B34: =COUNTIFS('الطلبات'!$B$5:$B$504,">="&A34,'الطلبات'!$B$5:$B$504,"<"&EDATE(A34,1),'الطلبات'!$M$5:$M$504,"<>ملغي",'الطلبات'!$H$5:$H$504,">0") | C34: =SUMIFS('الطلبات'!$I$5:$I$504,'الطلبات'!$B$5:$B$504,">="&A34,'الطلبات'!$B$5:$B$504,"<"&EDATE(A34,1),'الطلبات'!$M$5:$M$504,"<>ملغي") | D34: =SUMIFS('الطلبات'!$J$5:$J$504,'الطلبات'!$B$5:$B$504,">="&A34,'الطلبات'!$B$5:$B$504,"<"&EDATE(A34,1),'الطلبات'!$M$5:$M$504,"<>ملغي") | E34: =SUMIFS('الطلبات'!$K$5:$K$504,'الطلبات'!$B$5:$B$504,">="&A34,'الطلبات'!$B$5:$B$504,"<"&EDATE(A34,1),'الطلبات'!$M$5:$M$504,"<>ملغي") | F34: =SUMIFS('المصاريف'!$D$5:$D$504,'المصاريف'!$A$5:$A$504,">="&A34,'المصاريف'!$A$5:$A$504,"<"&EDATE(A34,1)) | G34: =C34+D34-E34-F34
A35: المجموع | B35: =SUM(B23:B34) | C35: =SUM(C23:C34) | D35: =SUM(D23:D34) | E35: =SUM(E23:E34) | F35: =SUM(F23:F34) | G35: =SUM(G23:G34)
